{"n_estimators": 100, "max_depth": null, "min_samples_split": 2, "min_samples_leaf": 1, "random_state": 42, "feature_importances_": [0.038350196385621836, 0.002434029009826751, 0.015731340083696158, 0.010687533690046162, 0.021174146281817834, 0.0017773592565943025, 0.003850904898545469, 0.03022799329457041, 0.0006018449462982367, 0.015717999922405353, 0.015486381446157728, 0.01757738135298693, 0.021643376153208424, 0.03620419929562277, 0.006185438543850127, 0.0006077842692270641, 0.008227885606280096, 0.027560816480733153, 0.010260238106821893, 0.020245053009465542, 0.029372551900091866, 0.0004980471886000715, 0.0025341255168670742, 0.010892198349518092, 0.0437702041262823, 0.10780376101184737, 0.08851051302183639, 0.0022045524545820845, 0.0018769492819276934, 0.010027785681629509, 0.05478070607555251, 0.16734637617167827, 0.12496336372489984, 0.002368660351543304, 0.016733539119065298, 0.015060390714227323, 0.016704373276074973], "classes_": [0, 1, 2], "n_features_": 37}